,作者(敬称略),作品名,ファイル名
☆,4u,3216,xX3216Xx.mpg
☆,4u,realtime,realtime.mpg
×,６輪の王者,KanonCrisisあゆ編,KanonCrisisあゆ編.mpg
×,６輪の王者,KanonCrisis真琴編,KanonCrisis真琴編.mpg
×,６輪の王者,KanonCrisis舞編,KanonCrisis舞編.mpg
×,６輪の王者,KanonCrisis名雪編,KanonCrisis名雪編.mpg
×,６輪の王者,KanonCrisis栞編,KanonCrisis栞編.mpg
×,６輪の王者,夏草の線路640,夏草の線路640.mpg
☆,ABA,Believe in summer_Ver1.16,Believe in summer_Ver1.16.mpg
☆,ABA,純情な感情,jyunjyou.mpg
☆,ABA,乃絵美萌え,乃絵美萌え.mpg
☆,abogadoα,END Ver1.1,END Ver1.1.mpg
☆,abogadoα,end11,end11.mpg
×,AK1,aria_killdamn_true,aria_killdamn_true.mpg
×,AK1,Azurewind,Azurewind.mpg
×,ANATA,ある女性のムービーのはずが…,「ある女性のムービーのはずが…」.mpg
×,ANATA,こみパ史上最悪の戦い　ＲＥＶＥＮＧＥ,こみパ史上最悪の戦いＲＥＶＥＮＧＥ.mpg
☆,arice,_Circumstances,_Circumstances(高画質).mpg
☆,arice,まじかる雫,magisizu.mpg
×,awabuk,LOVEorLOVE,LOVEorLOVE.mpg
×,awabuk,雨音,雨音.mpg
×,AXEL,でじこＷ,でじこＷ.mpg
☆,BAO,ＯＮＥシス,onesis.mpg
☆,BAO,夜病,nh.mpg
☆,BarkLight,Heaven's Place,Heaven's Place.mpg
☆,BarkLight,Liberate,Liberate.mpg
☆,BBC,"LastNight,LastDancing","LastNight,LastDancing.mpg"
☆,BBC,夜が来る！,A_Night_Comes_!.mpg
☆,BON,あなたのメイド,80K.mpg
☆,BON,あるゲームの唄,あるゲームの唄.mpg
☆,BON,お兄ちゃん、大好き,お兄ちゃん、大好き.mpg
☆,BON,ジャングルはいつも・・ Ver.2,ジャングルはいつもV2.mpg
☆,BON,愛は炎,愛は炎.mpg
☆,BON,茜とあゆ１話,茜とあゆ１話.mpg
☆,BON,茜とあゆ２話,茜とあゆ２話.mpg
☆,BON,茜とあゆ３話,茜とあゆ３話.mpg
☆,BON,強いのは誰？,強いのは誰？.mpg
☆,BON,君が望む永遠　AMICUS風味,AMICUS1万Hit.mpg
☆,BON,君に会いたい・・Ver2,君に会いたい・・V2.mpg
☆,BON,光と影 Ver.2,光と影V2.mpg
☆,BON,残酷な天使,残酷な天使.mpg
☆,BON,将来の夢はお嫁さん,将来の夢はお嫁さん.mpg
☆,BON,日常にある優しい幸せ,日常にある優しい幸せ.mpg
×,CY,Brilliant Life,Brilliant Life.mpg
×,CY,DANDANエターニア,DANDANエターニア.mpg
×,CY,DIABOLOS,diabolos.mpg
×,CY,ILLUSION,ILLUSION.mpg
×,CY,Ｋｉｓｓｉｎｇ　ｂｌｕｅ　ｍｅｍｏｒｉｅｓ,kissing blue memories.mpg
×,CY,Kissing Blue Memories 2nd,Ｋｉｓｓ～2nd～.mpg
×,CY,ＳＨＡＤＥ,ＳＨＡＤＥ.mpg
×,CY,SOMETHING TO SAY,something.mpg
×,CY,Tomorrow,Tomorrow.mpg
×,CY,ＷＩＳＨ,ＷＩＳＨ.mpg
×,dais,『RainyHeart=VERT』ver1.01,『Rainy Heart VERT』ver1.01.mpg
×,dais,attention,attention.mpg
×,dais,Rainy_Heart,rainy_heart.mpg
×,Desire,Eternal Dream S2,EternalDreamS2.mpg
×,Desire,KeyKeyEuroBeat-二人の奇跡,KeyKeyEuroBeat-二人の奇跡.mpg
×,Desire,その全てを…キミに…,そのすべてを…キミに…1.3b.mpg
×,Desire,古の月,古の月.mpg
×,Desire,二人の風～Director's cut～,二人の風～Director's cut～.mpg
×,d-gunsou,英雄騎士伝,英雄騎士伝.mpg
×,d-gunsou,同窓会,同窓会.mpg
×,d-gunsou,歩み,ayumi.mpg
×,DMH17,katana,katana.mpg
×,DMH17,Я люблю тебя！,Я люблю тебя.mpg
×,Ellyll,CrossWave,CrossWave.mpg
×,Ellyll,Ready!,Ready!.mpg
×,Ellyll,sight[not_completed],sight[not_completed].mpg
☆,ELMAS,ありあちょーでんじすぴん,aria_tyodenjispin.mpg
×,E-M'2-sSecond,終ノ空,終ノ空.mpg
×,E-no,LOVE PHANTOM,LOVE PHANTOM.mpg
☆,Ex-Panda,AirDeMad-second,AirDeMad-second.mpg
☆,Ex-Panda,KANO&O,KANO&O .mpg
☆,Ex-Panda,ONF的ＭＡＤ,ONF的ＭＡＤ.mpg
×,GAM,かおす,G07_かおす.mpg
×,GAM,コワレ,G04_コワレ.mpg
×,GAM,つむぐもの,G06_つむぐもの.mpg
×,GAM,君がいた夏,G05_君がいた夏.mpg
×,GAM,冬色,G03_冬色.mpg
×,HAL,Happy New Century,WMA36newcentury001216.avi
☆,Hayne Ryo,[Promise... Ver:0.98],『Promise...』 Ver.0.98 Net.mpg
×,HIRO,ＡＩＲ force ＯＮＥ,AIR force ONE_dl.mpg
×,HIRO,Ｌｏｖｅ　ｍｅ,Ｌｏｖｅ　ｍｅ.mpg
×,HIRO,Ｔｏ－Ｈｅａｒｔ vs ＯＮＥ,TO-ONE.mpg
×,HIRO,とんまのまんと,とんまのまんと.mpg
×,HIRO,マイチャン,川澄舞ちゃん　倉田テレビ信州.mpg
×,HIRO,みさきまち,みさきまち.mpg
×,HIRO,みずいろ時代,みずいろ_dl.mpg
×,HIRO,みるみるみちる,ちるちるみちる2.mpg
×,HIRO,メイの実力！,小さいメイはこんなことできるんですよ！.mpg
×,HIRO,神田川で行こう,神田川で行こう.mpg
×,HIRO,変な子もいるもんだ,変な子もいるもんだ.mpg
×,HIRO,変な子もいるもんだ②,変な子もいるもんだ２　名前が千堂瞳編.mpg
×,HIRO,名探偵　マリノ,名探偵MARINO.mpg
×,HIRO,裏 とらいあんぐるTo heart,裏とらＨｅａｒｔ_dl.mpg
☆,HISASHI,CLANNADデ,CLANNAD.mpg
☆,HISASHI,光を放つように,光を放つように.mpg
☆,HISASHI,恋愛キッス,恋愛キッス.mpg
☆,hosea(ホセア),Dreams,kanon.mpg
☆,hosea(ホセア),Innocent Queen,5.mpg
☆,hosea(ホセア),move1,move1.mpg
☆,hosea(ホセア),The CRACK of Doom,3.mpg
☆,hosea(ホセア),みるき～かのん☆,1.mpg
☆,hosea(ホセア),涼しい丘,2.mpg
☆,IORINGO,ＭＩＤＮＩＧＨＴ　ＤＲＥＡＭ,MIDNIGHT DREAM-IORINGO-うみんちゅの部屋.mpg
☆,J・P,せつなさはナイトメア？（ぉ,せつなさはナイトメア？（ぉ.mpg
☆,joh9,Again,again.mpg
☆,joh9,久遠,kuonn.mpg
☆,joh9,舞(jv1080mix),舞(jv1080mix).mpg
☆,ＪＵＮＮ,AirMADムービー,airdvine.mpg 
☆,ＪＵＮＮ,みずいろＭＡＤムービー,みずいろ～Close to me・・・～.mpg
☆,K”,Audience,Audience.mpg
☆,K”,Phantom,Phantom.mpg
×,kairyu,meteor,meteor.mpeg
☆,kamipochi,back again,back again.mpg
☆,kamipochi,Return,Return.mpg
☆,KCN,ＫＣＮ処女作的むーびー(仮題),kcn-01.mpg
×,K-Deck,TOD,TOD.mpg
×,K-Deck,Truth of Dream,Truth_of_Dream.mpg
×,ken-1,believers,believers.mpg
×,ken-1,ＬＡＢＹＲＩＮＴＨ,aibiki_mori.mpg
×,KMO,joppo,joppo.mpg
×,KMO,kumo_catch,kumo_catch.mpg
×,KMO,Pure Hard,Pure Hard.mpg
×,KMO,すぽっとらいと,すぽっとらいと.mpg
☆,KOBA-U,Deadly Battle,Deadly Battle_320
☆,KOBA-U,Fall Down,Fall Down.mpg
×,LFY,ROAD　～第一章～,ROAD_C1.mpg
×,Limitation release,lr1test,lr1test.mpg
×,M2Union,iniquity,iniquity.mpg
×,M4,KANON FIRE,kanon_fire_v02_64.mpg
×,M4,M4I Millennium,mil_v02.mpg
☆,MAD,作品No.1,MAD_1.mpg
☆,MAD,作品No.2,winter_last.mpg
☆,MAD,作品No.4,二重影.mpg
☆,MAD,作品No.5,C_M.mpg
☆,MAFT,KISS ME ALL NIGHT LONG,MAFT_KISS ME ALL NIGHT LONG(AIR).mpg
☆,MAFT,Paradise of the dream 極低画質*,Paradise of the dream.mpg
☆,MAFT,Wing of the demon　低画質,MAFT_Wing of the demon(AIR)low.mpg
☆,MAMO,,ill-shaped.mpg
×,MAST,アルバムの中の永遠,eien.mpg
☆,MIHARU,miharu,miharu.mpg
×,MIKU,清青の想い出,清青の想い出.mpg
×,MIKU,涼夏,涼夏.mpg
×,MIKU・裕香,トライアングルＬＯＶＥ,トライアングルＬＯＶＥ.mpg
×,MIKU・裕香,フェザー・ミラクル,フェザー・ミラクル.mpg
×,MIKU・裕香・雪,emotion again,emotion again.mpg
☆,MINE,denki,denki.mpg
☆,MINE,Initial D Second Stage The Mad Movie,Initial D Second Stage The Mad Movie .wmv
☆,MINE,東京魔人学園_緋涙帖『Endless Love』,東京魔人学園_緋涙帖『Endless Love』.mpg
×,Mirror(神威 鏡),Scene[2]SENTENCE,Scene[2]SENTENCE.mpg
☆,MITURU,MY Pretty Love,MYPrettyLove.mpg
☆,MITURU,STAYサマーパーティー,staysummer.mpg
☆,MITURU,せりな　Lovely　story,yukinojou.mpg
☆,MITURU,モノクローム,モノクローム.mpg
☆,monju,エースコンバット04発売記念 エースコンバット3窓,ac3mad.avi
☆,monju,カノンつながり一発もの,linkkanon1.01.avi
☆,monju,さっちん乱舞,satuki.avi
☆,monju,ぷれぜんと,purezented.avi
☆,monju,ペルソナ×イース,ペルソナイース.avi
☆,monju,新作発表記念『CLANNAD勝手に宣伝夢寐』,clannad.avi
☆,monju,,ペルこみ1.02.avi
×,Mver1.02,漢女！ＯＮ　Ｓｔａｇｅ！,otome.mpg
×,M星人,KIDS HEART ALRIGHT,Kid'sHeartAlright.mpg
☆,N_Shinji,gl,gl.mpg
☆,NATU,Front,Front.mpg
☆,NATU,Sweet,MSdaring.mpg
☆,NATU,TurnOver,TurnOver.mpg
☆,NATU,夢～思いで懐かし～,yume.mpg
×,NOBU,海とあなたの物語,海とあなたの物語.mpg
×,ok,Stand Up to the Victory,Stand_Up_to_the_Victory.mpg
×,ok,Thunder Bird,Thunder　Bird.mpg
×,ok,You Get Burning,YouGetBurning.mpg
×,ok,まあいいや,まあいいや.mpg
×,Project天,Crucifixion Preview,cruci_pre.mpg
☆,RCA,Chu!!,1st_Chu!!.mpg
☆,RCA,みずいろ実験ムビ,MIZUIRO_test.mpg
☆,R-INOUE,dear my friend,dear my friend.mpg
☆,R-INOUE,memai02,memai02.mpg
☆,R-INOUE,ring,ring.mpg
☆,R-INOUE,プロジェクトX　～挑戦者たち～,Project-X.mpg
☆,RUIN,AutumnFrame,AutumnFrame.mpg
☆,RUIN,FutureBless,FutureBless.mpg
×,RUR,6月の勇気のお守り,～6月の勇気のお守り～.mpg
×,RUR,名雪の囁き,nayuki_no_sasayaki.mpg
☆,S2H,Blur Blue,Blur Blue.mpg
☆,S2H,fake,fake.mpg
☆,S2H,moonlit,moonlit.mpg
☆,S2H,Never coincident stories,Never coincident stories.mpg
☆,S2H,Never give up,Never give up.mpg
☆,S2H,repeating rebirth,repeating rebirth.mpg
×,saturn,ai,ai_r3.mpg
×,saturn,aozora,aozora.mpg
×,saturn,nijukage,nijukage.mpg
×,saturn,senseoff,senseoff.mpg
×,saturn,vjed,vjed.mpg
×,saturn,yoru,yoru.mpg
×,saturn,しぇいく！,しぇいく！_30.mpg
☆,shino@,Come again> デモ版,Ca_Demo.mpg
☆,shino@,Dance Dance Kanon,dance3_kanon.mpg
☆,SIO,Duplicater,Duplicater.mpg
×,skywind,SNOW Prelude,snow.mpg
☆,Snow,Eternal Wing 2nd Movie ～Eternal World ～,EternalWorld.mpg
☆,Snow,Legend,airβ.mpg
☆,sora,HB siori,HB siori.mpg
×,swinty,Preliminary_announcement,Preliminary_announcement.mpg
☆,syao_lon,syao_lon製作第一弾 コミパMAD,syao001.mpg
☆,syao_lon,syao_lon製作第二弾 AIRMAD,syao002.mpg
×,T.K,Right_as_Rain,Right_as_Rain.mpg
☆,TAGUMA,PROJECT_SISTER_PRINCESS,PROJECT_SISTER_PRINCESS.avi
☆,takumichi,神奈　～超短編むーびー～,movie-kanna.mpg
☆,Tarou365,-AirKano SAKURA Wars-,No8.mpg
☆,Tarou365,BOYS,BOYS.mpg
☆,Tarou365,BrilliantPlanets!!,BrilliantPlanets!!.mpg
☆,Tarou365,-DarkColor-,DarkColor.mpg
☆,Tarou365,DynamiteSymphoney,DynamiteSymphoney.mpg
☆,Tarou365,DynamiteSymphoney x2,DynamiteSymphoney x2.mpg
☆,Tarou365,EVAIRO,4.mpg
☆,Tarou365,FinalSymphoney,FinalSymphoney.mpg
☆,Tarou365,FinalSymphoney2,FinalSymphoney2.mpg
☆,Tarou365,FinalSymphoneyRemix,FinalSymphoneyRemix.mpg
☆,Tarou365,GiniroMAD PE,GMPE.mpg
☆,Tarou365,HMMでGO!-,HMMdeGO.mpg
☆,Tarou365,LASTFANTASY,LASTFANTASY.mpg
☆,Tarou365,Light Rain　前編,SILVER.mpg
☆,Tarou365,Lost Symphony,LS2l.mpg
☆,Tarou365,MidNightSymphony,MidNightSymphony.mpg
☆,Tarou365,MIST,MIST.mpg
☆,Tarou365,Mizuiro,Mizuiro.mpg
☆,Tarou365,MIZUIRO Classic's,MIZUIRO CLASSIC'S.mpg
☆,Tarou365,Nothing,Nothing.mpg
☆,Tarou365,-Practice2 RemakeEdition-,N2 Remake.mpg
☆,Tarou365,Resolve (Light Rain 後編),Resolve.mpg
☆,Tarou365,Resolve(IllusionMIX),Resolve(IllusionMIX).mpg
☆,Tarou365,SENKANON,SENKANON.mpg
☆,Tarou365,StarDustSymphoney,StarDustSymphoney.mpg
☆,Tarou365,StarDustSymphoneyFinal,StarDustSymphoneyFinal.mpg
☆,Tarou365,StarDustSymphonyFLASH,StarDustSymphonyFLASH.mpg
☆,Tarou365,Still,Still.mpg
☆,Tarou365,SuperDynamiteSymphony,SuperDynamiteSymphony.mpg
☆,Tarou365,-The Climax Movie-,No9mp.mpg
☆,Tarou365,-The Imaging Movie-,no3.mpg
☆,Tarou365,YUKI&HIYORIパレードin2000,YHp3LQ.mpg
☆,Tarou365,あゆは世界を救う！,AYUAYU.mpg
☆,Tarou365,雪希＆日和パレード2,YUKIHIYORIparade2.mpg
☆,Tarou365,雪希＆日和パレード3,YHPAREvol3.mpg
☆,Tarou365,雪希＆日和パレードin2000,Luv2000.mpg
☆,Tarou365,恋愛CHU! ～NANAの章～,NANA.mpg
☆,TastyMoon,Coral Reef,cocco.mpg
☆,TastyMoon,Ｊｉ－Ｌｉｎｇ,ji-ling.mpg
☆,terupino,COMIC,1.mpg
☆,TFC,Endless Summer,endless_summer.mpg
☆,TFC,fly,fly.mpg
☆,TFC,unbalance,unbalance.mpg
☆,TFC,戻らない笑顔,戻らない笑顔.mpg
×,To-Ru,Cloe,Cloe.mpg
×,To-Ru,edit,edit.mpg
×,To-Ru,MasK,MasK.mpg
☆,Tもののふ,T００３,T003.mpg
☆,Tもののふ,T004,T004.MPG
☆,Tもののふ,浮世絵夢寐,浮世絵夢寐.mpg
☆,Tもののふ,名称未定夢寐,T(nazo).mpg 
×,T作,"Kanon,the blank of 7 years（ナデシコKanon）",NadeKanon_cp.mpg
×,VADY,パーティカノン,パーティカノン.mpg
×,VADY,二重影-L・R-軽量版,二重影-L・R-軽量版.mpg
☆,W.G,奇跡の中で,奇跡の中で.mpg
☆,W.G,蒼い約束,yakusoku.avi
×,YorN,Pachelbel,Pachelbel.mpg
×,YorN,panjandrum,panjandrum.mpg
×,YorN,ParadiseLost,paradiselost.mpg
×,YorN,ParadiseRestored,ParadiseRestored.mpg
×,YorN,parfait,parfait.mpg
×,YorN,partita＜PSALM＞第一楽章,～parting～.mpg
×,YorN,pastiche,pastiche.mpg
×,YorN,payment,～payment～.mpg
×,YorN,pearl gray,pearl gray.mpg
×,YorN,Pendulum,pendulum.mpg
×,YorN,penitence,～penitence～.mpg
×,YorN,phantasm,PHANTASM.MPG
×,YorN,pieces,PIECES.MPG
×,YorN,Peter Piper picked a peck of pickled pepper;A peek of pickled pepper Peter Piper picked;If Peter Piper picked a peck of pickled pepper,Where's the peek of pickled pepper Peter Piper picked?,Pico.mpg
×,YorN,Pit,Pit.mpg
×,YorN,plelude,plelude.mpg
×,YorN,pleur,pleur.mpg
×,YorN,plume,plume.mpg
×,YorN,poison d'avril,poison d'avril.mpg
×,YorN,politicians,politicians.mpg
×,YorN,pool o' blood,pool o' blood.mpg
×,YorN,Pray,Pray.mpg
×,YorN,Promenade,promenade.mpg
×,YorN,providence～postmaking of prologue～,providence.mpg
×,YorN,pseudo-promo-pack,pseudo-promo-pack.mpg
×,YorN,"pussy, pillow, pajama... and past","pussy, pillow, pajama... and past.mpg"
×,YorN,最終楽章｢pantheon｣,PANTHEON.MPG
×,YorN,第2楽章｢phobia｣,phobia.mpg
×,YorN,第3楽章｢poolfloop｣,poolfloop.mpg
×,YorN,第4楽章｢PainPainPain｣,painpainpain.mpg
×,YorN,第6.1楽章｢pushmipullyu｣,pushmipullyu.mpg
×,YorN,第6.2楽章｢push/me｣,pushme.mpg
×,YorN,第6.3楽章｢pull/you｣,pullyou.mpg
×,YorN,第6.4楽章｢pick/her｣,pickher.mpg
×,YorN,第7楽章｢Pandora｣,PANDORA.MPG
×,YorN,第8楽章｢piling｣,PILING.MPG
×,YorN,第9楽章「pandaemonium」,pandaemonium.mpg
×,yoshi,みずいろ「YシリーズにDIVEする。」,みずいろ「YシリーズにDIVEする。」.avi
×,yoshi,星麻雀,星麻雀.avi
☆,zizi,～斬～　Ver.1,zan1.avi
☆,μ,切なき恋,切なき恋.mpg
☆,あのい,yashirosage,yashirosage.mpg
×,アルル,『Ｒｅ＝Ｃｒｏｓｓ予告編』ＶＥＲ１．０,『Ｒｅ＝Ｃｒｏｓｓ予告編』ＶＥＲ１．０.mpg
×,アルル,『Ｒｅ＝Ｃｒｏｓｓ予告編』ＶＥＲ２．０,『Ｒｅ＝Ｃｒｏｓｓ予告編』ＶＥＲ２．０.mpg
×,アルル,『Ｓｉｌｖｅｒ　Ｇｅｎｅ』ＶＥＲ１．０,『Ｓｉｌｖｅｒ　Ｇｅｎｅ』ＶＥＲ１．０.mpg
×,アルル,『瑞佳スペシャルヽ(´ー`)ﾉ』ＶＥＲ１．０（ＨＱ）,『瑞佳スペシャルヽ(´ー`)ﾉ』ＶＥＲ１．０（ＨＱ）.mpg
×,アルル,Apocalypse Ver1.1,『Ａｐｏｃａｌｙｐｓｅ』ＶＥＲ１．１.mpg
×,アルル,BerSerK[HR] Ver1.0,『ＢｅｒＳｅｒＫ［ＨＲ］』ｖｅｒ１．０.mpg
×,アルル,eins,『ｅｉｎｓ』ＶＥＲ１．０.mpg
×,うとんた,Past Season,past_season.mpg
×,うとんた,PRIMAL MOON,primal_moon.mpg
×,うとんた,はじめまして,はじめまして.mpg
×,うとんた,永遠CHU！,ei_chu.mpg
☆,うみんちゅ,an eternal interval,an eternal interval.MPG
☆,うみんちゅ,Insanity,Insanity.mpg
☆,えあぐる,Fairly tale,Fairly tale.mpg
☆,えあぐる,Take me Higher,tmh.mpg
☆,エイト,Ｏｎｅｌｙ　Ｙｏｕ,OnelyYou .mpg
☆,オッテイー,SCAR,SCAR.mpg
☆,オットット,north,north.mpg
☆,かける,natsuiro,natsuiro.mpg
×,かむ,hime,hime.mpg
×,かやすた,all_night_long(改),all_night_long(改).mpg
×,かやすた,ガシャポニカ,ガシャポニカ_v0.1b.mpg
×,かやすた,僕らの夏_v0.2,僕らの夏_v0.2.mpg
×,かやすた,隷属_v0.2b,隷属_v0.2b.mpg
☆,きち,ツキヒメのための101の習作 Aパート,ツキヒメのための101の習作 Aパート.mpg
☆,きち,ツキヒメのための101の習作 Bパート,ツキヒメのための101の習作 Bパート.mpg
☆,きむ,ふたり,ふたり.mpg
☆,きむ,比翼連理,比翼連理.mpg
☆,ぎんが,falloir,falloir.mpg
☆,けぷ,Ｈｕｍａｎｏｉｄ,Humanoid_1_07b.mpg
☆,こがらし,さよならを教えて,sayonara.mpg
☆,さくちん,Prime,prime.mpg
☆,さび,Realize,Realize.mpg
×,シャクティス,恋心～千夜一夜～,koi.avi
☆,しゅう,uNrEquiTeD LaV,uNrEquiTeD LaV.mpg
×,じろう[Mirage],apoptosis,apoptosis.mpg
×,じろう[Mirage],arcadia,arcadia.mpg
☆,じん,astime,astime.avi
☆,じん,ＴＥＬＬ　ＭＥ,tel.avi
☆,じん,碧空の天使,碧空の天使.mpg
☆,じんた-,閃光花火,senko.avi
☆,すっぴー,cross mind,cross-mind.mpg
☆,すっぴー,diablo,diablo.mpg
☆,すっぴー,Flying,Flying ～An Eternal End～.mpg
☆,すっぴー,rislim-4,rislim-4.mpg
☆,すっぴー,THE　PEPUSI！,pepusi.mpg
☆,すねお,Fight,Fight.mpg
☆,すねお,Love season,Love season.mpg
☆,すねお,寛永絵巻,寛永絵巻.mpg
☆,すねお,君色,君色-高画質版.mpg
☆,すねお,笑顔で元気,笑顔で元気.mpg
☆,すねお,妙なｷｬｽﾃィﾝｸﾞ,妙なｷｬｽﾃィﾝｸﾞ.mpg
×,ゼロドライブ,code_c,code_c.mpg
×,ゼロドライブ,淡い水色の果てに…,mizuiro.mpg
☆,たこ,EDEN,EDEN.mpg
×,タッチー,「ねがぽじ」勝手にＤＥＭＯム－ビ－,「ねがぽじ」勝手にＤＥＭＯムービー.mpg
×,タッチー,○学生ＤＥ逝こう！,○学生ＤＥ逝こう！.mpg
×,タッチー,21-ＴｗｏＯｎｅ-　偽ＯＰ,21-Two One-偽ＯＰ.mpg
×,タッチー,ＢＡＣＫ ＯＮ ＴＨＥ ＲＯＣＫＳ,BACK ON THE ROCKS.mpg
×,タッチー,ＢＡＤ　近くに子供を置かないで下さい,ＢＡＤ　近くに子供を置かないで下さい.mpg
×,タッチー,BALDRHEAD,BALDRHEAD.mpg
×,タッチー,Dance With The Angels アイン,Dance With The Angels アイン.mpg
×,タッチー,Dance With The Angels キャル,Dance With The Angels キャル.mpg
×,タッチー,door SE,door SE.mpg
×,タッチー,Ｎｏｓｔｒａ　Ｃｕｌｐａ,Nostra Culpa.mpg
×,タッチー,ＰＤＰ,pdp.mpg
×,タッチー,Petit teens,Petit teens.mpg
×,タッチー,Shake　○学生の危ない投稿写真,Shake　○学生の危ない投稿写真.mpg
×,タッチー,SHAKE ME BABY,SHAKE ME BABY.mpg
×,タッチー,TOUGH BOY,TOUGH BOY.mpg
×,タッチー,あくじ,あくじ.mpg
×,タッチー,うぐぅⅢ世,うぐぅⅢ世.mpg
×,タッチー,うしろに立つ少女,うしろに立つ少女.mpg
×,タッチー,エロティカ,エロティカ.mpg
×,タッチー,おばけのポンコツ,おばけのポンコツ.mpg
×,タッチー,グリ－ン・デスティニ－,グリ－ン・デスティニ－.mpg
×,タッチー,し―ずん,し―ずん.mpg
×,タッチー,シャアが来る,シャアが来る.mpg
×,タッチー,ジャン ナイト じゃん,ジャン ナイト じゃん.mpg
×,タッチー,スイミン不足,スイミン不足.mpg
×,タッチー,ス－パ－ラヴロ－ション,ス－パ－ラヴロ－ション.mpg
×,タッチー,とってもウマナミ,とってもウマナミ　160.mpg
×,タッチー,ね～ちんが通る,ね～ちんが通る.mpg
×,タッチー,ひかりの中で抱きしめて,ひかりの中で抱きしめて.mpg
×,タッチー,ぶっちゃけた話し、○学生ってどうよ？,ぶっちゃけた話し、○学生ってどうよ？.mpg
×,タッチー,ブラザープリンス,ブラプリ.mpg
×,タッチー,みずいろ偽ＯＰ,みずいろ偽ＯＰ.mpg
×,タッチー,メイドの土産　勝手に完成版,メイドの土産　勝手に完成版.mpg
×,タッチー,もうダメだ～,もうダメだ～.mpg
×,タッチー,やきいも,やきいも.mpg
×,タッチー,ユキちゃん○６才,ユキちゃん○６才.mpg
×,タッチー,愛を信じていたい,愛を信じていたい.mpg
×,タッチー,悪の華,悪の華.mpg
×,タッチー,遠野の拳,遠野の拳.mpg
×,タッチー,奥さん米屋です♪,奥さん米屋です♪.mpg
×,タッチー,花恋唄,花恋唄.mpg
×,タッチー,我が輩は猫である,我が輩は猫である.mpg
×,タッチー,顔のない月　黒の章,顔のない月　黒の章.mpg
×,タッチー,顔のない月　白の章,顔のない月　白の章.mpg
×,タッチー,月姫,月姫.mpg
×,タッチー,見つめて新撰組,見つめて新撰組.mpg
×,タッチー,私がヒロイン,私がヒロイン.mpg
×,タッチー,臭作ＧＯ,臭作ＧＯ.mpg
×,タッチー,勝手に西又葵崇拝,勝手に西又葵崇拝.mpg
×,タッチー,正しい青春,正しい青春.mpg
×,タッチー,雪希えもん,雪希えもん.mpg
×,タッチー,大悪司_勝手にＤＥＭＯムービー,大悪司_勝手にＤＥＭＯムービー.mpg
×,タッチー,淡島爆双族,淡島爆双族.mpg
×,タッチー,男一匹夢街道,男一匹夢街道　160.mpg
×,タッチー,瞳裸偽ＯＰ,瞳裸偽ＯＰ.mpg
×,タッチー,汝to神,汝to神.mpg
×,タッチー,妹切草,妹切草.mpg
×,タッチー,慟哭　そして・・・,慟哭　そして・・・.mpg
×,ちはや,ち館－1ｓｔＭｏｖｉｅ,ち館－1ｓｔＭｏｖｉｅ.mpg
×,ティル,clucifixion,cluci.mpg
☆,てっちん,ＡＩＲｏｎＡＩＲ,AIRonAIR.mpg
☆,てっちん,AIR-ザナルカンド-,AIR-ザナルカンド-.mpg
☆,てっちん,ＤＲＥＡＭ　Ｓ,DREAM S.mpg
☆,てっちん,Ｆｌｙ　Ａｙｕ,Fly AYU.mpg
☆,てっちん,LOVE REVOLUTION,LOVE REVOLUTION.mpg
☆,てっちん,Marust,Marust.mpg
☆,てっちん,Ｒｉｇｈｔ　ｏｎ　ＡＩＲ,Right on AIR.mpg
☆,てっちん,Ｕｌｔｒａ　Ｋａｎｏｎ,Ultra Kanon.mpg
☆,デュランMM,サクラ。ベスト・オブ・バトル,sa.mpg
☆,デュランMM,ナイト　オブ　カノソ,naitoofkanoso.mpg
×,とにい,Acquire(short_version),Acquire(short_version).mpg
×,なぞこく,Milky☆wayへようこそ,wel_mil224.mpg
×,なぞこく,アトラク＝ナクア補完ed～蜘蛛のリヴァイアス,dis192.mpg
×,なぞこく,ファAirマン,fair2_19.mpg
×,ねこみっく,SilverMoon,SilverMoon.mpg
×,ねこみっく,青空DARK,青空dark.mpg
×,ねこみっく,青空LIGHT,青空light.mpg
☆,はねたきょう,Four seasons,[MAD]Four seasons(Ｌの季節).mpg
☆,はねたきょう,かのるんるん,MAD(カノソ)かのるんるん.mpg
☆,はねたきょう,体育座り,おにゅ～体育すわり.avi
×,パリオ,LOVE2001,love2001(EOG).mpg
×,パリオ,onfnova,onefnova.mpg
☆,ひとみすいれん,brain,brain.mpg
☆,ひとみすいれん,MONDO,mondo.mpg
☆,ひとみすいれん,syuumatu,syuumatu.mpg
☆,ひとみすいれん,嗜虐嗜好,嗜虐嗜好.avi
×,ひろぽん,little_devil,little_devil.mpg
×,ひろぽん,parasakura3op320_hp,parasakura3op320_hp.mpg
×,ファンシー海,DaboLiQuE 後期ED,daboed2.avi
×,ファンシー海,DaboLiQuE 後期OP,デアボリカ後期OP.avi
×,ファンシー海,DaboLiQuE 前期ED,デアボリカ前期ED１.avi
×,ファンシー海,DaboLiQuE 前期OP,デアボリカ前期OP.avi
×,ファンシー海,ＬＩＫＥ　Ａ　ＬＯＶＥ,パステルチャイムMPEG4.avi
×,ファンシー海,超硬戦記爆猿王,超硬戦記爆猿王.avi
×,ファンシー海,眠れない夜が来る！！,夜がくる.avi
×,ファンシー海,夜の別の私を・・・・,夜は別の私を・・・・.mpg
☆,ぷーじもん,RHYTHM EMOTION,Mov_K.mpg
☆,ぷーじもん,WILL,ＷＩＬＬ.mpg
☆,ふぉるてぃっししも,al-ONE(Ver.1.0),al-ONE.mpg
☆,ふぉるてぃっししも,真冬の夜の夢。,真冬の夜の夢。.mpg
×,マージル,AD2030,AD2030.mpg
×,マージル,Dearest,Dearest.mpg
×,マージル,promise,promise.mpg
×,マージル,tenderness,tenderness.mpg
×,マージル,TheNewWorld.,TheNewWorld..mpg
×,マージル,える!,える!.mpg
×,マージル,羽美ちゃんが行く！,羽美ちゃんが行く！.mpg
×,マージル,兄貴,兄貴.mpg
×,マージル,幸せだったあのころに・・・,幸せだったあのころに・・・.mpg
×,マージル,守って神様！,守って神様！.mpg
×,まーち,カノンドロップ,カノンドロップ.mpg
×,まーち,ピュアインＡＩＲ,ﾋﾟｭｱｲﾝAIR.mpg
×,まーち,メイド三姉妹,メイド３姉妹15.mpg
×,まーち,らぶらぶ とらハ♪,らぶらぶ とらハ♪15.mpg
×,まーち,続々！名雪！,Ｎ-続々.mpg
×,まーち,悲しみの天女,悲しみの天女dl.mpg
×,まーち,陽のあたる場所,陽のあたる場所_dl.mpg
☆,まおり,negapoji_m,negapoji_m.mpg
×,まっくー,BETRAYER,BETRAYER.mpg
×,まっくー,Clear Sky,Clear Sky_cc.mpg
×,まっくー,resonance,resonance.mpg
☆,みっよ～ん,FUNX4 FUN,FUN.avi
☆,みっよ～ん,Help!～萌えろ！漢よ！～,Help!_net.mpg
☆,みっよ～ん,Squall Love is Sentimental,squall.mpg
☆,みっよ～ん,偽まじかる☆アンティーク,nisemazian.mpg
☆,みつるぎみつる,Love Luv CHU!,Love Luv CHU !.mpg
×,みゅー,sensitive,sensitive.mpg
×,みゅー,ウルトラソウル,urutorasoul.mpg
×,みゅー,愛人,愛人.mpg
×,ムキャを知る者,Compensation of the Memory,Compensation_of_the_memory.mpg
×,ムキャを知る者,Miracle impact,Miracle impact.mpg
×,ムササビ7号,Silent on-looker,Silent on-looker_net.mpg
×,ユウ,Emptiness,Emptiness.mpg
×,ユウ,Memories,Memories.mpg
×,ユウ,Truth,truth.mpg
×,らくちん太郎,Sacred Story,Sacred_Story.mpg
×,らくちん太郎,時の遣人,時の遣人_net.mpg
×,らすご,永遠の約束,永遠の約束.mpg
×,りある,ＣＣＡＹＵ,ＣＣＡＹＵ.mpg
☆,リノス,Ultra explosion　～超爆発～,リノス　Ultra explosion　～超爆発～.mpeg
×,ルビーの指輪,雪の記憶,雪の記憶.mpg
×,レイ,Smile_of_makoto（公開版）,Smile_of_makoto（公開版）.mpg
☆,ろんどべる,slink_web2,slink_web2.mpg
×,ヱ,End_roll,End_roll.mpg
×,一之瀬百合,-k-,yuriMAD32-k-320x240.mpg
×,一之瀬百合,Atrocious Event,YuriMAD33-Atrocious Event-Ver102.mpg
×,一之瀬百合,Falling far behind,YuriMAD34-Falling_far_behind-ネット公開版.mpg
×,一之瀬百合,デタラメ,デタラメ.mpg
×,一之瀬百合,黄昏,YuriMAD26-黄昏-Ver02.mpg
×,一之瀬百合,灰色,YuriMAD31-灰色－鬼の480版w-.mpg
×,越後屋,55555記念はこれで勘弁してちょ！,55555記念はこれで勘弁してちょ！.avi
×,越後屋,インチキＯＰ,インチキＯＰ.mpg
×,暇,蒼碧第５段ＥＤ仕立てな例のアレ,skp2_pasend160.mpg
☆,灰塵,Foo Second,Foo SE.mpg
×,葛葉駿,Estncop,Estncop.mpg
×,葛葉駿,Lose Control,Kizuato - lose control -.mpg
×,葛葉駿,Risky,Tsukihime -Risky-.mpg
×,葛葉駿,RUN！RUN！RUN！,RUN！RUN！RUN！.mpg
×,葛葉駿,Silent Snow,Silent Snow.mpg
×,甘い服従（KALUA）,DARK in the SNOW,DARKsnow.mpg
×,甘い服従（KALUA）,Denial of Connection,DoC.mpg
×,甘い服従（KALUA）,HiTention,HiTention.mpg
☆,管野ゆうき,ソレガスベテ,ソレガスベテ.mpg
☆,観月茜,mp_007,mp_007.mpg
☆,輝雪,lneCM,lneCM.mpg
☆,輝沢彩南,２１世紀コミパ,21世紀こみパ.mpg
☆,輝沢彩南,B4U-mix-,AIRmix.mpg
☆,輝沢彩南,next_movie,next_movie.mpg
☆,輝沢彩南,貴方を永遠に・・・,anatawo_eienni.mpg
☆,輝沢彩南,空へ…,to_the sky.mpg
×,橘やっしゅ,Silence this night,alive.mpg
☆,響,renchu0322,renchu0322.mpg
×,軍魔,4000,4000.mpg
×,軍魔,20世紀ＦＯＸ,20seikifox.mpg
×,軍魔,full　metal　jacket,full_metal_jacket.mpg
×,軍魔,reddragon,reddragon.mpg
×,軍魔,ＺＩＬＬＩＯＮ,zillion.mpg
×,軍魔,ZILLION２nd,zillion2.mpg
×,軍魔,ずっと探してたもの,ずっと探してたもの.mpg
×,軍魔,ドラゴンクエストⅣ,dq4.mpg
×,軍魔,バトルロワイヤル,battle.mpg
×,軍魔,ふぇありーている,ふぇありーている.mpg
×,軍魔,七人の侍,侍.mpg
×,軍魔,終天,終天.mpg
×,軍魔,忘れな草色の瞳に映る世界,忘れな草色の瞳に映る世界.mpg
×,軍魔,陽の当たる場所,陽の当たる場所.mpg
×,軍魔,鈴の歌う日～裏エンド～ＧＯＬＤ,すず.mpg
×,蛍斗,Ｄａｙ　ｏｆ　Ｐｒｏｍｉｓｅ,『Ｄａｙｓ ｏｆ ｐｒｏｍｉｓｅパクリ予告編』.mpg
×,蛍斗,水夏デモムービー,『水夏予告』公開用.mpg
×,月影庵,EVE ZERO　fantasia cross road,evezero.mpg
×,月影庵,FOREVER LOVE -extra fate- the another love story base one,FOREVER LOVE -extra fate-.mpg
×,月影庵,FOREVER LOVE -promotion Ver-,FOREVER_LOVE-promotion_Ver-net.mpg
×,月影庵,Natural for white season in the Prism.,N2-PRISM.MPG
×,月影庵,RIDE ON THE NIGHT -next generation-3,RIDE ON THE NIGHT -next generation-3.mpg
×,月影庵,ｔｈｅ　ｂｅｓｔ　ｏｆ　ＬＥＡＦ！！,the best of leaf.mpg
×,月夜のみさき,dx4_640fix,dx4_640fix.mpg
×,月夜のみさき,tkd_320_fix,tkd_320_fix.mpg
☆,絹,t_m_h,t_m_h.mpg
×,紅(ねこみみ)楓,M@D[2]atomsphere～烏の詩～,烏の詩_net.mpg
×,紅(ねこみみ)楓,頭狂アンダーグラウンド,頭狂アンダーグラウンド.mpg
×,香月みや,ONE-2nd「SAKURA」,ONE-2nd「SAKURA」.mpg
×,香月みや,月姫_DIVE 一般公開用,｢月姫_DIVE｣一般公開用_香月みや.mpg
☆,香取雅子（かとりまさこ）,decide ONE's fate,fate.mpg
☆,香取雅子（かとりまさこ）,rain_low,rain_low.mpg
☆,合作(うみんちゅ&IORINGO),怨～Ｔｈｅ　ｆｒｏｇ　Ｏｆ　Ｒｅｖｅｎｇｅ～,on~the frog of revenge~.mpg
☆,合作(かぷち～の&どるふぃん),Darcrows…,Darcrows.mpg
☆,黒うさぎ,鬼門-侵略,鬼門-侵略.mpg
☆,黒龍,LOVESHINE!,LOVESHINE!.mpg
☆,黒龍,えとせとら「日替わり月姫」,えとせとら「日替わり月姫」.mpg
☆,黒龍,月姫～DETH AND REVERSE～ＨｉＱver,月姫～DETH AND REVERSE～ＨｉＱver.mpg
☆,黒龍,初めに,初めに.mpg
☆,黒龍,洗脳,洗脳.avi
☆,黒龍,夜が来る！-TVsize-,NightOP_TV.mpg
☆,黒龍,咎人－トガビト－,咎人－トガビト－.mpg
☆,彩都纏司,10000Hit記念movie,Labyrinth.mpg
☆,菜野,Eternal memory,Etarnal_Memory(320).mpg
☆,菜野,White Illumination,White Illumination.mpg
×,上月汐(SHIO),air00,air00.mpg
×,上月汐(SHIO),AIRLUTE,airlute.mpg
×,上月汐(SHIO),infinity,infinity_320.mpg
×,上総ゆう,City of Solitude ～キサラギセツナ～,キサラギセツナ.mpg
×,上総ゆう,Liberate,Liberate.mpg
×,上総ゆう,Wintermoon,WinterMoon.mpg
×,上総ゆう,ありふれた理由～遠野家の食卓～,ありふれた理由320.mpg
×,神月社,BOZ -SaYoNaRa-,BOZ.mpg
×,神月社,Reminiscence 2ndStage ～Rainy ONE～予告編：『RAIN』,reminiscence_prv.mpg
×,神月社,Shizuku The Movie 『 Chronic Love 』,chroniclove.mpg
☆,神咲,AIR-TANK,air-tank.mpg
☆,神之月乱,courage God,courage God.mpg
☆,神之月乱,memorial,memorial.mpg
☆,神之月乱,Party Party,Party Party.mpg
☆,神無月 ゆん,月宮爆発,月宮爆発完成版.mpg
×,神霧なつき・K-Deck,#1こみパ,#1こみパ.mpg
☆,水月翔,SeeIn青 Side_M,SeeIn青 Side_M.mpg
☆,水月翔,tachikurami,tachikurami.mpg
☆,水月翔,もっとSeeInあお,もっとSeeInあお.mpg
☆,水月翔・ATA－KIMI（纏衣）,ＰａＰｕ,PaPu.mpg
☆,水月翔・纏衣,tachikurami,ma_memai.mpg
☆,水月翔・纏衣,ふぉ～ び～なす,Four Venuses.mpg
×,水瀬基,Horrid Decay of the Life Force,Horrid Decay of the Life Force　通常版　320　.mpg
☆,杉村友和,misuzum2,misuzum2.mpg
☆,菅野ゆうき,ＦＡＲ　ＡＩＲ,FAR_AIR.mpg
☆,菅野ゆうき,ＧＯＩＮ’ＤＯＷＮ！！,GOIN'DOWN.mpg
☆,菅野ゆうき,ＬＥＴ’Ｓ　ＴＵＲＮ,LET'S TURN.mpg
☆,菅野ゆうき,ＬＯＶＥ＆ＤＲＯＷ,LOVE&DROW.mpg
☆,成瀬かおる,Precedence Edition ATHEIST,pre_atheist.mpg
☆,青海悠夜,タイトル未定,CM.m1v
×,雪菜,時は刻まれる,時は刻まれる.mpg
×,雪菜,信じる想い,sinz.mpg
×,雪菜,真紅の妖狐,真紅の妖狐.mpg
×,雪菜,淡青の恋,淡青の恋.mpg
☆,雪村ネコマル,Blue_Sky,blue_sky.mpg
☆,雪村ネコマル,second,second.mpg
×,雪風霞,Loneliness,Loneliness.mpg
×,雪風霞,Studio　Erencia,Studio Erencia.mpg
×,雪風霞,Studio　twin,Studio twin.mpg
☆,早根祐,-Enpathy-,enp_30per.mpg
☆,早根祐,偽B4U,koukaib4u.mpg
☆,大黒端月,potato,potato.mpg
☆,知己,観鈴への想い,air.mpg
☆,天月光,Princess The Night,プリンセス・ザ・ナイト.mpg
☆,天谷聖,AIR-onlyyourmind－,air_oym.wmv
☆,電脳ペット,Dream Is Never End,Dream Is Never End.mpg
☆,電脳ペット,未来形アイドル達,未来形アイドル達.mpg
×,燈浄院時雨,alive,alive.mpg
×,燈浄院時雨,alive改,alive改.mpg
×,二夜(ふたや),Ｏｕｒ　Ｔｈｏｕｇｈｔ－くーきくーき♪がお～－,ku-ki.mpeg
×,如月出雲,CROSS,「CROSS」.mpg
×,猫宮咲一,absolute one,absolute_one.mpg
×,猫宮咲一,absolute_zero,absolute_zero.mpg
×,猫宮咲一,Ｃｒｉｓｓ_Ｃｒｏｓｓ_安らぎはここへ,Ｃｒｉｓｓ_Ｃｒｏｓｓ_安らぎはここへ.mpg
×,猫宮咲一,FLARE,FLARE.mpg
×,猫宮咲一,resemblance,resemblance.mpg
×,猫宮咲一,月ちゃん励まそう夢寐,yui.mpg
×,乃怒亞女,ConcLude:Another Style Abyss-infinite rhyme,Abyss_640.mpg
×,白羽,４００００HIT記念,CM2.MPG
×,白羽,SLAVE　BAZAR（仮）,SLAVE BAZAR(仮）Ver１．００.mpg
×,白羽,銀色完全版発売記念ＭＡＤ,銀色発売記念ＭＡＤ　Ｖｅｒ１．０１.mpg
×,白川聖夜&星見凪,LOVE to,Love-320.mpg
×,風樹(来栖樹),best of you,best of you.mpg
×,風樹(来栖樹),Silver Snow閉鎖記念MAD,silver_snow（低画質版）.mpg
×,風樹(来栖樹),summer_light,summer_light.mpg
×,風来のももも,みずいろ MAD,Encounter～I got to know you by accident through a chance meeting～.mpg
×,風来のももも,銀色の風,銀色の風.mpg
×,米倉,mizuiro0503_1000bit,mizuiro0503_1000bit.mpg
☆,片霧烈火,shizuku_net,shizuku_net.mpg
☆,芳崎蒼真,鬱インビー,誰？（汗-完全版？-低画質.mpg
☆,睦月葵,Ｗｉｎｔｅｒ　Ｗｉｓｈ,w_wish.mpg
☆,夢若,KILL名雪,kill_nayuki.AVI
☆,夢若,西又葵崇拝ムービー,西又葵崇拝.mpg
×,矛盾王,『羊のうた』映画化決定記念予告風むび『月光』,ツキヒカリ.mpg
×,矛盾王,カラスと少女と錯覚と,カラスと少女と錯覚と.mpg
×,矛盾王,キミノウチマデ,キミノウチマデ.mpg
×,霧島緑,AIR Platinum Another,AIR_Platinum_Another.mpg
×,霧島緑,マシンメイディンOP（捏造版）,マシンメイディンOP（捏造版）.avi
×,霧島緑,やきいもDEMO(捏造版),やきいもDEMO(捏造版).mpg
×,霧島緑,俺の巫女さん応援歌（笑）,俺の巫女さん応援歌.avi
×,鳴神ワタル,Vision(高音質版),vision.mpg
☆,幽世,～Ｌｏｖｅ　ｙｏｕ　ｔｅｎｄｅｒ　ａｆｆｅｃｔｉｏｎ～,Love you tender affection.mpg
☆,幽世,A lier-history,A lier-history.mpg
×,柚子璃刃,After that～From it,After that～From it.mpg
×,柚子璃刃,ＤＥＳＩＲＥ～prologue～,DESIRE・予告編.mpg
×,柚子璃刃,Ｇ／Ｇ,G／G.mpg
×,柚子璃刃,Maternally,Maternally.mpg
×,柚子璃刃,No Title,No Title.mpg
×,裕香,想い～みずいろ～,想い～みずいろ～.mpg
×,裕香,堕天使の舞い,堕天使の舞い.mpg
×,夕紀（とみぃ）,血眼企画,血眼企画.mpg
×,夕紀（とみぃ）,四拾苦,四拾苦.mpg
×,乱飛鴻,恋愛CHU！毒,恋愛CHU！毒.mpg
×,流,Doubt,Doubt.mpeg
×,流,ever free,ever_free.mpeg
×,熾天使,あっちゃん,atsuchan.mpg
×,琥月,『I BELIEVE YOU...』,『I BELIEVE YOU...』.mpg
×,翡翠,劣化2,劣化2.mpg
